Id,SalePrice
1461,124540.37373737374
1462,142162.46721311475
1463,195499.30555555556
1464,195499.30555555556
1465,182470.73636363636
1466,195499.30555555556
1467,182470.73636363636
1468,182470.73636363636
1469,182470.73636363636
1470,124540.37373737374
1471,182470.73636363636
1472,124540.37373737374
1473,124540.37373737374
1474,157980
1475,124540.37373737374
1476,431789.375
1477,230268.96
1478,226079.39393939395
1479,308296.9166666667
1480,350455.1052631579
1481,262661.90476190473
1482,182470.73636363636
1483,182470.73636363636
1484,143732.5
1485,182470.73636363636
1486,195499.30555555556
1487,308088.26086956525
1488,226079.39393939395
1489,194801.33333333334
1490,182470.73636363636
1491,195499.30555555556
1492,94425.41414141415
1493,152175.44166666668
1494,308088.26086956525
1495,262661.90476190473
1496,226079.39393939395
1497,195499.30555555556
1498,182470.73636363636
1499,182470.73636363636
1500,182470.73636363636
1501,195499.30555555556
1502,143732.5
1503,241467.75
1504,229323.9655172414
1505,226079.39393939395
1506,188748.97959183675
1507,308088.26086956525
1508,188748.97959183675
1509,152175.44166666668
1510,142162.46721311475
1511,142162.46721311475
1512,152175.44166666668
1513,152175.44166666668
1514,152175.44166666668
1515,216849.93617021278
1516,152175.44166666668
1517,142162.46721311475
1518,152175.44166666668
1519,182470.73636363636
1520,142162.46721311475
1521,142162.46721311475
1522,152175.44166666668
1523,142162.46721311475
1524,124540.37373737374
1525,124540.37373737374
1526,124540.37373737374
1527,94425.41414141415
1528,118946.03738317757
1529,142162.46721311475
1530,157980
1531,140268
1532,94425.41414141415
1533,157980
1534,118946.03738317757
1535,152175.44166666668
1536,118946.03738317757
1537,94425.41414141415
1538,152175.44166666668
1539,140268
1540,140268
1541,118946.03738317757
1542,152175.44166666668
1543,216849.93617021278
1544,94425.41414141415
1545,118946.03738317757
1546,118946.03738317757
1547,118946.03738317757
1548,118946.03738317757
1549,94425.41414141415
1550,152175.44166666668
1551,94425.41414141415
1552,140268
1553,152175.44166666668
1554,118946.03738317757
1555,152175.44166666668
1556,118946.03738317757
1557,118946.03738317757
1558,94425.41414141415
1559,140268
1560,152175.44166666668
1561,188748.97959183675
1562,124540.37373737374
1563,124540.37373737374
1564,157980
1565,157980
1566,157980
1567,94425.41414141415
1568,188748.97959183675
1569,152175.44166666668
1570,94425.41414141415
1571,152175.44166666668
1572,142162.46721311475
1573,230268.96
1574,142162.46721311475
1575,182470.73636363636
1576,229323.9655172414
1577,194801.33333333334
1578,118946.03738317757
1579,143732.5
1580,195499.30555555556
1581,124540.37373737374
1582,124540.37373737374
1583,236960
1584,229323.9655172414
1585,143732.5
1586,94425.41414141415
1587,124540.37373737374
1588,142162.46721311475
1589,118946.03738317757
1590,142162.46721311475
1591,124540.37373737374
1592,118946.03738317757
1593,94425.41414141415
1594,286862.05263157893
1595,152175.44166666668
1596,216849.93617021278
1597,216849.93617021278
1598,195499.30555555556
1599,143732.5
1600,182470.73636363636
1601,94425.41414141415
1602,118946.03738317757
1603,94425.41414141415
1604,226079.39393939395
1605,229323.9655172414
1606,142162.46721311475
1607,216849.93617021278
1608,194801.33333333334
1609,194801.33333333334
1610,182470.73636363636
1611,142162.46721311475
1612,182470.73636363636
1613,182470.73636363636
1614,124540.37373737374
1615,124540.37373737374
1616,124540.37373737374
1617,124540.37373737374
1618,124540.37373737374
1619,124540.37373737374
1620,308088.26086956525
1621,182470.73636363636
1622,157980
1623,229323.9655172414
1624,229323.9655172414
1625,124540.37373737374
1626,157980
1627,195499.30555555556
1628,298455.14285714284
1629,195499.30555555556
1630,350455.1052631579
1631,182470.73636363636
1632,226079.39393939395
1633,182470.73636363636
1634,195499.30555555556
1635,195499.30555555556
1636,182470.73636363636
1637,188748.97959183675
1638,216849.93617021278
1639,178420.26923076922
1640,286862.05263157893
1641,178420.26923076922
1642,236960
1643,229323.9655172414
1644,229323.9655172414
1645,178420.26923076922
1646,142162.46721311475
1647,142162.46721311475
1648,142162.46721311475
1649,124540.37373737374
1650,124540.37373737374
1651,124540.37373737374
1652,124540.37373737374
1653,124540.37373737374
1654,178420.26923076922
1655,124540.37373737374
1656,157980
1657,178420.26923076922
1658,157980
1659,124540.37373737374
1660,142162.46721311475
1661,431789.375
1662,431789.375
1663,367149.25
1664,431789.375
1665,322155.75
1666,226079.39393939395
1667,431789.375
1668,322155.75
1669,230268.96
1670,322155.75
1671,226079.39393939395
1672,350455.1052631579
1673,350455.1052631579
1674,230268.96
1675,182470.73636363636
1676,182470.73636363636
1677,194801.33333333334
1678,350455.1052631579
1679,298455.14285714284
1680,322155.75
1681,241467.75
1682,226079.39393939395
1683,182470.73636363636
1684,182470.73636363636
1685,195499.30555555556
1686,182470.73636363636
1687,182470.73636363636
1688,195499.30555555556
1689,195499.30555555556
1690,195499.30555555556
1691,182470.73636363636
1692,229323.9655172414
1693,182470.73636363636
1694,195499.30555555556
1695,182470.73636363636
1696,350455.1052631579
1697,182470.73636363636
1698,350455.1052631579
1699,229323.9655172414
1700,229323.9655172414
1701,262661.90476190473
1702,322155.75
1703,322155.75
1704,287223.8275862069
1705,182470.73636363636
1706,350455.1052631579
1707,241467.75
1708,194801.33333333334
1709,230268.96
1710,182470.73636363636
1711,235468.9
1712,322155.75
1713,287223.8275862069
1714,226079.39393939395
1715,195499.30555555556
1716,194801.33333333334
1717,143732.5
1718,182470.73636363636
1719,236960
1720,226079.39393939395
1721,143732.5
1722,143732.5
1723,143732.5
1724,241467.75
1725,262661.90476190473
1726,195499.30555555556
1727,182470.73636363636
1728,195499.30555555556
1729,182470.73636363636
1730,229323.9655172414
1731,124540.37373737374
1732,124540.37373737374
1733,124540.37373737374
1734,124540.37373737374
1735,124540.37373737374
1736,124540.37373737374
1737,188748.97959183675
1738,195499.30555555556
1739,462727.6
1740,322155.75
1741,194801.33333333334
1742,195499.30555555556
1743,182470.73636363636
1744,178420.26923076922
1745,195499.30555555556
1746,216849.93617021278
1747,216849.93617021278
1748,286862.05263157893
1749,142162.46721311475
1750,142162.46721311475
1751,216849.93617021278
1752,124540.37373737374
1753,152175.44166666668
1754,216849.93617021278
1755,142162.46721311475
1756,124540.37373737374
1757,124540.37373737374
1758,157980
1759,152175.44166666668
1760,142162.46721311475
1761,142162.46721311475
1762,216849.93617021278
1763,152175.44166666668
1764,124540.37373737374
1765,152175.44166666668
1766,157980
1767,152175.44166666668
1768,142162.46721311475
1769,142162.46721311475
1770,124540.37373737374
1771,142162.46721311475
1772,157980
1773,142162.46721311475
1774,188748.97959183675
1775,124540.37373737374
1776,142162.46721311475
1777,94425.41414141415
1778,124540.37373737374
1779,142162.46721311475
1780,152175.44166666668
1781,118946.03738317757
1782,124540.37373737374
1783,118946.03738317757
1784,94425.41414141415
1785,94425.41414141415
1786,140268
1787,152175.44166666668
1788,94425.41414141415
1789,94425.41414141415
1790,94425.41414141415
1791,216849.93617021278
1792,157980
1793,124540.37373737374
1794,124540.37373737374
1795,142162.46721311475
1796,142162.46721311475
1797,118946.03738317757
1798,124540.37373737374
1799,124540.37373737374
1800,142162.46721311475
1801,118946.03738317757
1802,152175.44166666668
1803,188748.97959183675
1804,124540.37373737374
1805,124540.37373737374
1806,118946.03738317757
1807,140268
1808,118946.03738317757
1809,118946.03738317757
1810,152175.44166666668
1811,152175.44166666668
1812,118946.03738317757
1813,118946.03738317757
1814,94425.41414141415
1815,94425.41414141415
1816,94425.41414141415
1817,152175.44166666668
1818,140268
1819,118946.03738317757
1820,94425.41414141415
1821,118946.03738317757
1822,152175.44166666668
1823,94425.41414141415
1824,118946.03738317757
1825,152175.44166666668
1826,118946.03738317757
1827,94425.41414141415
1828,152175.44166666668
1829,94425.41414141415
1830,152175.44166666668
1831,140268
1832,216849.93617021278
1833,188748.97959183675
1834,118946.03738317757
1835,140268
1836,152175.44166666668
1837,94425.41414141415
1838,118946.03738317757
1839,94425.41414141415
1840,182470.73636363636
1841,142162.46721311475
1842,118946.03738317757
1843,124540.37373737374
1844,124540.37373737374
1845,152175.44166666668
1846,142162.46721311475
1847,216849.93617021278
1848,94425.41414141415
1849,157980
1850,124540.37373737374
1851,152175.44166666668
1852,124540.37373737374
1853,124540.37373737374
1854,143732.5
1855,142162.46721311475
1856,229323.9655172414
1857,140268
1858,216849.93617021278
1859,178420.26923076922
1860,142162.46721311475
1861,178420.26923076922
1862,350455.1052631579
1863,350455.1052631579
1864,350455.1052631579
1865,322155.75
1866,322155.75
1867,241467.75
1868,287223.8275862069
1869,194801.33333333334
1870,194801.33333333334
1871,226079.39393939395
1872,182470.73636363636
1873,195499.30555555556
1874,143732.5
1875,182470.73636363636
1876,195499.30555555556
1877,182470.73636363636
1878,226079.39393939395
1879,124540.37373737374
1880,124540.37373737374
1881,226079.39393939395
1882,298455.14285714284
1883,195499.30555555556
1884,229323.9655172414
1885,226079.39393939395
1886,229323.9655172414
1887,182470.73636363636
1888,230268.96
1889,194801.33333333334
1890,142162.46721311475
1891,143732.5
1892,124540.37373737374
1893,118946.03738317757
1894,152175.44166666668
1895,152175.44166666668
1896,118946.03738317757
1897,118946.03738317757
1898,118946.03738317757
1899,118946.03738317757
1900,118946.03738317757
1901,152175.44166666668
1902,142162.46721311475
1903,216849.93617021278
1904,142162.46721311475
1905,152175.44166666668
1906,152175.44166666668
1907,188748.97959183675
1908,124540.37373737374
1909,142162.46721311475
1910,142162.46721311475
1911,229323.9655172414
1912,216849.93617021278
1913,140268
1914,94425.41414141415
1915,287223.8275862069
1916,94425.41414141415
1917,229323.9655172414
1918,124540.37373737374
1919,142162.46721311475
1920,226079.39393939395
1921,367149.25
1922,322155.75
1923,216849.93617021278
1924,182470.73636363636
1925,236960
1926,367149.25
1927,124540.37373737374
1928,157980
1929,124540.37373737374
1930,143732.5
1931,143732.5
1932,182470.73636363636
1933,152175.44166666668
1934,195499.30555555556
1935,182470.73636363636
1936,195499.30555555556
1937,195499.30555555556
1938,182470.73636363636
1939,195499.30555555556
1940,182470.73636363636
1941,195499.30555555556
1942,195499.30555555556
1943,182470.73636363636
1944,350455.1052631579
1945,308296.9166666667
1946,157980
1947,287223.8275862069
1948,152175.44166666668
1949,226079.39393939395
1950,142162.46721311475
1951,216849.93617021278
1952,178420.26923076922
1953,142162.46721311475
1954,216849.93617021278
1955,142162.46721311475
1956,286862.05263157893
1957,157980
1958,308088.26086956525
1959,152175.44166666668
1960,124540.37373737374
1961,124540.37373737374
1962,124540.37373737374
1963,124540.37373737374
1964,142162.46721311475
1965,157980
1966,124540.37373737374
1967,230268.96
1968,431789.375
1969,287223.8275862069
1970,350455.1052631579
1971,350455.1052631579
1972,350455.1052631579
1973,367149.25
1974,350455.1052631579
1975,350455.1052631579
1976,226079.39393939395
1977,350455.1052631579
1978,350455.1052631579
1979,322155.75
1980,182470.73636363636
1981,287223.8275862069
1982,182470.73636363636
1983,182470.73636363636
1984,195499.30555555556
1985,182470.73636363636
1986,226079.39393939395
1987,194801.33333333334
1988,195499.30555555556
1989,195499.30555555556
1990,236960
1991,194801.33333333334
1992,229323.9655172414
1993,182470.73636363636
1994,350455.1052631579
1995,195499.30555555556
1996,262661.90476190473
1997,262661.90476190473
1998,229323.9655172414
1999,262661.90476190473
2000,308088.26086956525
2001,262661.90476190473
2002,230268.96
2003,287223.8275862069
2004,235468.9
2005,182470.73636363636
2006,194801.33333333334
2007,287223.8275862069
2008,194801.33333333334
2009,195499.30555555556
2010,195499.30555555556
2011,182470.73636363636
2012,194801.33333333334
2013,195499.30555555556
2014,195499.30555555556
2015,195499.30555555556
2016,195499.30555555556
2017,195499.30555555556
2018,124540.37373737374
2019,124540.37373737374
2020,124540.37373737374
2021,124540.37373737374
2022,157980
2023,152175.44166666668
2024,308088.26086956525
2025,308088.26086956525
2026,182470.73636363636
2027,182470.73636363636
2028,194801.33333333334
2029,195499.30555555556
2030,226079.39393939395
2031,182470.73636363636
2032,182470.73636363636
2033,226079.39393939395
2034,182470.73636363636
2035,229323.9655172414
2036,195499.30555555556
2037,195499.30555555556
2038,308088.26086956525
2039,182470.73636363636
2040,286862.05263157893
2041,178420.26923076922
2042,229323.9655172414
2043,157980
2044,152175.44166666668
2045,152175.44166666668
2046,152175.44166666668
2047,157980
2048,124540.37373737374
2049,152175.44166666668
2050,152175.44166666668
2051,124540.37373737374
2052,142162.46721311475
2053,142162.46721311475
2054,94425.41414141415
2055,152175.44166666668
2056,118946.03738317757
2057,124540.37373737374
2058,188748.97959183675
2059,142162.46721311475
2060,157980
2061,152175.44166666668
2062,142162.46721311475
2063,124540.37373737374
2064,142162.46721311475
2065,124540.37373737374
2066,152175.44166666668
2067,152175.44166666668
2068,188748.97959183675
2069,94425.41414141415
2070,118946.03738317757
2071,94425.41414141415
2072,118946.03738317757
2073,124540.37373737374
2074,142162.46721311475
2075,124540.37373737374
2076,124540.37373737374
2077,142162.46721311475
2078,124540.37373737374
2079,118946.03738317757
2080,124540.37373737374
2081,142162.46721311475
2082,152175.44166666668
2083,152175.44166666668
2084,124540.37373737374
2085,142162.46721311475
2086,143732.5
2087,118946.03738317757
2088,118946.03738317757
2089,94425.41414141415
2090,118946.03738317757
2091,152175.44166666668
2092,152175.44166666668
2093,152175.44166666668
2094,94425.41414141415
2095,118946.03738317757
2096,94425.41414141415
2097,94425.41414141415
2098,152175.44166666668
2099,94425.41414141415
2100,152175.44166666668
2101,152175.44166666668
2102,118946.03738317757
2103,94425.41414141415
2104,216849.93617021278
2105,152175.44166666668
2106,94425.41414141415
2107,140268
2108,124540.37373737374
2109,142162.46721311475
2110,118946.03738317757
2111,152175.44166666668
2112,152175.44166666668
2113,118946.03738317757
2114,118946.03738317757
2115,152175.44166666668
2116,94425.41414141415
2117,152175.44166666668
2118,118946.03738317757
2119,94425.41414141415
2120,118946.03738317757
2121,94425.41414141415
2122,118946.03738317757
2123,94425.41414141415
2124,188748.97959183675
2125,188748.97959183675
2126,152175.44166666668
2127,140268
2128,152175.44166666668
2129,94425.41414141415
2130,152175.44166666668
2131,188748.97959183675
2132,118946.03738317757
2133,94425.41414141415
2134,118946.03738317757
2135,94425.41414141415
2136,118946.03738317757
2137,94425.41414141415
2138,124540.37373737374
2139,142162.46721311475
2140,124540.37373737374
2141,124540.37373737374
2142,124540.37373737374
2143,142162.46721311475
2144,118946.03738317757
2145,124540.37373737374
2146,142162.46721311475
2147,152175.44166666668
2148,118946.03738317757
2149,124540.37373737374
2150,178420.26923076922
2151,94425.41414141415
2152,152175.44166666668
2153,152175.44166666668
2154,124540.37373737374
2155,142162.46721311475
2156,308088.26086956525
2157,195499.30555555556
2158,262661.90476190473
2159,229323.9655172414
2160,194801.33333333334
2161,287223.8275862069
2162,367149.25
2163,322155.75
2164,226079.39393939395
2165,152175.44166666668
2166,143732.5
2167,182470.73636363636
2168,195499.30555555556
2169,195499.30555555556
2170,229323.9655172414
2171,142162.46721311475
2172,124540.37373737374
2173,178420.26923076922
2174,262661.90476190473
2175,229323.9655172414
2176,226079.39393939395
2177,350455.1052631579
2178,195499.30555555556
2179,143732.5
2180,229323.9655172414
2181,182470.73636363636
2182,230268.96
2183,194801.33333333334
2184,124540.37373737374
2185,124540.37373737374
2186,142162.46721311475
2187,142162.46721311475
2188,157980
2189,286862.05263157893
2190,142162.46721311475
2191,142162.46721311475
2192,124540.37373737374
2193,94425.41414141415
2194,118946.03738317757
2195,124540.37373737374
2196,142162.46721311475
2197,118946.03738317757
2198,118946.03738317757
2199,188748.97959183675
2200,118946.03738317757
2201,118946.03738317757
2202,152175.44166666668
2203,152175.44166666668
2204,188748.97959183675
2205,118946.03738317757
2206,124540.37373737374
2207,188748.97959183675
2208,216849.93617021278
2209,188748.97959183675
2210,124540.37373737374
2211,94425.41414141415
2212,94425.41414141415
2213,118946.03738317757
2214,152175.44166666668
2215,94425.41414141415
2216,188748.97959183675
2217,124540.37373737374
2218,118946.03738317757
2219,94425.41414141415
2220,94425.41414141415
2221,287223.8275862069
2222,226079.39393939395
2223,229323.9655172414
2224,229323.9655172414
2225,188748.97959183675
2226,226079.39393939395
2227,226079.39393939395
2228,230268.96
2229,235468.9
2230,182470.73636363636
2231,322155.75
2232,226079.39393939395
2233,182470.73636363636
2234,182470.73636363636
2235,226079.39393939395
2236,287223.8275862069
2237,236960
2238,182470.73636363636
2239,143732.5
2240,182470.73636363636
2241,142162.46721311475
2242,124540.37373737374
2243,157980
2244,124540.37373737374
2245,124540.37373737374
2246,142162.46721311475
2247,124540.37373737374
2248,124540.37373737374
2249,124540.37373737374
2250,124540.37373737374
2251,140268
2252,152175.44166666668
2253,182470.73636363636
2254,195499.30555555556
2255,195499.30555555556
2256,195499.30555555556
2257,350455.1052631579
2258,182470.73636363636
2259,195499.30555555556
2260,142162.46721311475
2261,182470.73636363636
2262,182470.73636363636
2263,350455.1052631579
2264,350455.1052631579
2265,157980
2266,287223.8275862069
2267,367149.25
2268,367149.25
2269,142162.46721311475
2270,157980
2271,178420.26923076922
2272,188748.97959183675
2273,142162.46721311475
2274,157980
2275,142162.46721311475
2276,142162.46721311475
2277,188748.97959183675
2278,157980
2279,124540.37373737374
2280,124540.37373737374
2281,182470.73636363636
2282,182470.73636363636
2283,124540.37373737374
2284,142162.46721311475
2285,124540.37373737374
2286,124540.37373737374
2287,287223.8275862069
2288,287223.8275862069
2289,367149.25
2290,431789.375
2291,350455.1052631579
2292,236960
2293,431789.375
2294,350455.1052631579
2295,367149.25
2296,367149.25
2297,367149.25
2298,235468.9
2299,462727.6
2300,350455.1052631579
2301,235468.9
2302,226079.39393939395
2303,226079.39393939395
2304,235468.9
2305,182470.73636363636
2306,182470.73636363636
2307,182470.73636363636
2308,230268.96
2309,226079.39393939395
2310,182470.73636363636
2311,182470.73636363636
2312,230268.96
2313,195499.30555555556
2314,182470.73636363636
2315,230268.96
2316,235468.9
2317,182470.73636363636
2318,230268.96
2319,241467.75
2320,194801.33333333334
2321,226079.39393939395
2322,194801.33333333334
2323,143732.5
2324,182470.73636363636
2325,230268.96
2326,182470.73636363636
2327,236960
2328,229323.9655172414
2329,195499.30555555556
2330,195499.30555555556
2331,308088.26086956525
2332,462727.6
2333,308088.26086956525
2334,308088.26086956525
2335,262661.90476190473
2336,308088.26086956525
2337,194801.33333333334
2338,230268.96
2339,230268.96
2340,287223.8275862069
2341,230268.96
2342,226079.39393939395
2343,226079.39393939395
2344,367149.25
2345,235468.9
2346,194801.33333333334
2347,182470.73636363636
2348,235468.9
2349,230268.96
2350,235468.9
2351,230268.96
2352,287223.8275862069
2353,350455.1052631579
2354,143732.5
2355,143732.5
2356,143732.5
2357,182470.73636363636
2358,229323.9655172414
2359,142162.46721311475
2360,124540.37373737374
2361,124540.37373737374
2362,308088.26086956525
2363,124540.37373737374
2364,124540.37373737374
2365,182470.73636363636
2366,182470.73636363636
2367,230268.96
2368,182470.73636363636
2369,230268.96
2370,195499.30555555556
2371,195499.30555555556
2372,182470.73636363636
2373,236960
2374,308088.26086956525
2375,195499.30555555556
2376,216849.93617021278
2377,308088.26086956525
2378,142162.46721311475
2379,216849.93617021278
2380,124540.37373737374
2381,142162.46721311475
2382,152175.44166666668
2383,226079.39393939395
2384,229323.9655172414
2385,142162.46721311475
2386,124540.37373737374
2387,142162.46721311475
2388,142162.46721311475
2389,124540.37373737374
2390,142162.46721311475
2391,124540.37373737374
2392,124540.37373737374
2393,142162.46721311475
2394,124540.37373737374
2395,216849.93617021278
2396,157980
2397,152175.44166666668
2398,94425.41414141415
2399,94425.41414141415
2400,94425.41414141415
2401,124540.37373737374
2402,142162.46721311475
2403,152175.44166666668
2404,142162.46721311475
2405,142162.46721311475
2406,124540.37373737374
2407,124540.37373737374
2408,124540.37373737374
2409,142162.46721311475
2410,152175.44166666668
2411,124540.37373737374
2412,157980
2413,142162.46721311475
2414,142162.46721311475
2415,152175.44166666668
2416,124540.37373737374
2417,124540.37373737374
2418,124540.37373737374
2419,152175.44166666668
2420,124540.37373737374
2421,152175.44166666668
2422,124540.37373737374
2423,152175.44166666668
2424,152175.44166666668
2425,286862.05263157893
2426,118946.03738317757
2427,152175.44166666668
2428,152175.44166666668
2429,124540.37373737374
2430,124540.37373737374
2431,118946.03738317757
2432,124540.37373737374
2433,142162.46721311475
2434,142162.46721311475
2435,157980
2436,124540.37373737374
2437,124540.37373737374
2438,124540.37373737374
2439,94425.41414141415
2440,118946.03738317757
2441,94425.41414141415
2442,94425.41414141415
2443,94425.41414141415
2444,118946.03738317757
2445,118946.03738317757
2446,152175.44166666668
2447,152175.44166666668
2448,152175.44166666668
2449,118946.03738317757
2450,152175.44166666668
2451,118946.03738317757
2452,140268
2453,124540.37373737374
2454,118946.03738317757
2455,94425.41414141415
2456,118946.03738317757
2457,118946.03738317757
2458,118946.03738317757
2459,94425.41414141415
2460,118946.03738317757
2461,118946.03738317757
2462,118946.03738317757
2463,118946.03738317757
2464,216849.93617021278
2465,118946.03738317757
2466,118946.03738317757
2467,118946.03738317757
2468,118946.03738317757
2469,118946.03738317757
2470,216849.93617021278
2471,188748.97959183675
2472,140268
2473,142162.46721311475
2474,118946.03738317757
2475,216849.93617021278
2476,118946.03738317757
2477,124540.37373737374
2478,157980
2479,124540.37373737374
2480,124540.37373737374
2481,124540.37373737374
2482,124540.37373737374
2483,124540.37373737374
2484,124540.37373737374
2485,124540.37373737374
2486,157980
2487,286862.05263157893
2488,118946.03738317757
2489,142162.46721311475
2490,142162.46721311475
2491,94425.41414141415
2492,226079.39393939395
2493,118946.03738317757
2494,152175.44166666668
2495,118946.03738317757
2496,216849.93617021278
2497,152175.44166666668
2498,124540.37373737374
2499,124540.37373737374
2500,124540.37373737374
2501,142162.46721311475
2502,157980
2503,118946.03738317757
2504,229323.9655172414
2505,229323.9655172414
2506,287223.8275862069
2507,367149.25
2508,287223.8275862069
2509,226079.39393939395
2510,230268.96
2511,182470.73636363636
2512,236960
2513,229323.9655172414
2514,178420.26923076922
2515,143732.5
2516,182470.73636363636
2517,143732.5
2518,143732.5
2519,229323.9655172414
2520,195499.30555555556
2521,195499.30555555556
2522,229323.9655172414
2523,124540.37373737374
2524,124540.37373737374
2525,124540.37373737374
2526,124540.37373737374
2527,124540.37373737374
2528,124540.37373737374
2529,124540.37373737374
2530,124540.37373737374
2531,226079.39393939395
2532,236960
2533,195499.30555555556
2534,226079.39393939395
2535,350455.1052631579
2536,229323.9655172414
2537,182470.73636363636
2538,241467.75
2539,182470.73636363636
2540,182470.73636363636
2541,230268.96
2542,195499.30555555556
2543,124540.37373737374
2544,124540.37373737374
2545,118946.03738317757
2546,142162.46721311475
2547,124540.37373737374
2548,216849.93617021278
2549,182470.73636363636
2550,462727.6
2551,143732.5
2552,124540.37373737374
2553,142162.46721311475
2554,118946.03738317757
2555,94425.41414141415
2556,124540.37373737374
2557,124540.37373737374
2558,216849.93617021278
2559,118946.03738317757
2560,118946.03738317757
2561,94425.41414141415
2562,118946.03738317757
2563,118946.03738317757
2564,152175.44166666668
2565,142162.46721311475
2566,152175.44166666668
2567,118946.03738317757
2568,152175.44166666668
2569,152175.44166666668
2570,124540.37373737374
2571,226079.39393939395
2572,143732.5
2573,152175.44166666668
2574,308088.26086956525
2575,118946.03738317757
2576,152175.44166666668
2577,188748.97959183675
2578,94425.41414141415
2579,94425.41414141415
2580,140268
2581,124540.37373737374
2582,94425.41414141415
2583,287223.8275862069
2584,142162.46721311475
2585,182470.73636363636
2586,182470.73636363636
2587,182470.73636363636
2588,124540.37373737374
2589,124540.37373737374
2590,226079.39393939395
2591,216849.93617021278
2592,287223.8275862069
2593,230268.96
2594,142162.46721311475
2595,182470.73636363636
2596,229323.9655172414
2597,226079.39393939395
2598,350455.1052631579
2599,287223.8275862069
2600,216849.93617021278
2601,143732.5
2602,124540.37373737374
2603,124540.37373737374
2604,124540.37373737374
2605,124540.37373737374
2606,124540.37373737374
2607,157980
2608,178420.26923076922
2609,157980
2610,124540.37373737374
2611,152175.44166666668
2612,142162.46721311475
2613,124540.37373737374
2614,124540.37373737374
2615,142162.46721311475
2616,124540.37373737374
2617,152175.44166666668
2618,157980
2619,188748.97959183675
2620,195499.30555555556
2621,195499.30555555556
2622,195499.30555555556
2623,236960
2624,298455.14285714284
2625,308088.26086956525
2626,182470.73636363636
2627,182470.73636363636
2628,350455.1052631579
2629,462727.6
2630,350455.1052631579
2631,350455.1052631579
2632,350455.1052631579
2633,226079.39393939395
2634,236960
2635,142162.46721311475
2636,188748.97959183675
2637,124540.37373737374
2638,350455.1052631579
2639,188748.97959183675
2640,142162.46721311475
2641,124540.37373737374
2642,182470.73636363636
2643,124540.37373737374
2644,157980
2645,124540.37373737374
2646,124540.37373737374
2647,124540.37373737374
2648,124540.37373737374
2649,157980
2650,124540.37373737374
2651,157980
2652,350455.1052631579
2653,226079.39393939395
2654,287223.8275862069
2655,308296.9166666667
2656,298455.14285714284
2657,298455.14285714284
2658,298455.14285714284
2659,350455.1052631579
2660,350455.1052631579
2661,308296.9166666667
2662,226079.39393939395
2663,236960
2664,226079.39393939395
2665,287223.8275862069
2666,287223.8275862069
2667,182470.73636363636
2668,230268.96
2669,182470.73636363636
2670,350455.1052631579
2671,230268.96
2672,182470.73636363636
2673,226079.39393939395
2674,226079.39393939395
2675,143732.5
2676,195499.30555555556
2677,229323.9655172414
2678,350455.1052631579
2679,229323.9655172414
2680,262661.90476190473
2681,462727.6
2682,308088.26086956525
2683,462727.6
2684,308088.26086956525
2685,308088.26086956525
2686,236960
2687,235468.9
2688,230268.96
2689,182470.73636363636
2690,350455.1052631579
2691,195499.30555555556
2692,143732.5
2693,182470.73636363636
2694,143732.5
2695,195499.30555555556
2696,195499.30555555556
2697,229323.9655172414
2698,195499.30555555556
2699,182470.73636363636
2700,182470.73636363636
2701,182470.73636363636
2702,124540.37373737374
2703,178420.26923076922
2704,142162.46721311475
2705,124540.37373737374
2706,124540.37373737374
2707,124540.37373737374
2708,124540.37373737374
2709,124540.37373737374
2710,124540.37373737374
2711,286862.05263157893
2712,462727.6
2713,143732.5
2714,182470.73636363636
2715,195499.30555555556
2716,143732.5
2717,195499.30555555556
2718,226079.39393939395
2719,142162.46721311475
2720,142162.46721311475
2721,124540.37373737374
2722,152175.44166666668
2723,124540.37373737374
2724,124540.37373737374
2725,124540.37373737374
2726,142162.46721311475
2727,152175.44166666668
2728,152175.44166666668
2729,157980
2730,142162.46721311475
2731,94425.41414141415
2732,94425.41414141415
2733,157980
2734,152175.44166666668
2735,142162.46721311475
2736,152175.44166666668
2737,124540.37373737374
2738,152175.44166666668
2739,142162.46721311475
2740,124540.37373737374
2741,157980
2742,142162.46721311475
2743,157980
2744,142162.46721311475
2745,124540.37373737374
2746,124540.37373737374
2747,152175.44166666668
2748,142162.46721311475
2749,124540.37373737374
2750,124540.37373737374
2751,124540.37373737374
2752,216849.93617021278
2753,157980
2754,286862.05263157893
2755,118946.03738317757
2756,94425.41414141415
2757,94425.41414141415
2758,94425.41414141415
2759,152175.44166666668
2760,152175.44166666668
2761,142162.46721311475
2762,142162.46721311475
2763,152175.44166666668
2764,157980
2765,216849.93617021278
2766,152175.44166666668
2767,94425.41414141415
2768,152175.44166666668
2769,142162.46721311475
2770,124540.37373737374
2771,124540.37373737374
2772,124540.37373737374
2773,140268
2774,152175.44166666668
2775,152175.44166666668
2776,118946.03738317757
2777,118946.03738317757
2778,94425.41414141415
2779,140268
2780,94425.41414141415
2781,94425.41414141415
2782,94425.41414141415
2783,118946.03738317757
2784,124540.37373737374
2785,152175.44166666668
2786,94425.41414141415
2787,118946.03738317757
2788,94425.41414141415
2789,140268
2790,118946.03738317757
2791,124540.37373737374
2792,94425.41414141415
2793,188748.97959183675
2794,118946.03738317757
2795,118946.03738317757
2796,94425.41414141415
2797,216849.93617021278
2798,118946.03738317757
2799,118946.03738317757
2800,94425.41414141415
2801,94425.41414141415
2802,157980
2803,188748.97959183675
2804,152175.44166666668
2805,94425.41414141415
2806,94425.41414141415
2807,143732.5
2808,124540.37373737374
2809,124540.37373737374
2810,124540.37373737374
2811,157980
2812,124540.37373737374
2813,188748.97959183675
2814,188748.97959183675
2815,94425.41414141415
2816,188748.97959183675
2817,124540.37373737374
2818,124540.37373737374
2819,178420.26923076922
2820,157980
2821,118946.03738317757
2822,188748.97959183675
2823,286862.05263157893
2824,152175.44166666668
2825,152175.44166666668
2826,124540.37373737374
2827,152175.44166666668
2828,308088.26086956525
2829,182470.73636363636
2830,236960
2831,182470.73636363636
2832,287223.8275862069
2833,195499.30555555556
2834,236960
2835,226079.39393939395
2836,195499.30555555556
2837,157980
2838,143732.5
2839,195499.30555555556
2840,182470.73636363636
2841,195499.30555555556
2842,195499.30555555556
2843,157980
2844,142162.46721311475
2845,124540.37373737374
2846,195499.30555555556
2847,195499.30555555556
2848,182470.73636363636
2849,229323.9655172414
2850,262661.90476190473
2851,229323.9655172414
2852,229323.9655172414
2853,229323.9655172414
2854,143732.5
2855,182470.73636363636
2856,235468.9
2857,195499.30555555556
2858,182470.73636363636
2859,118946.03738317757
2860,124540.37373737374
2861,142162.46721311475
2862,195499.30555555556
2863,143732.5
2864,350455.1052631579
2865,143732.5
2866,226079.39393939395
2867,94425.41414141415
2868,118946.03738317757
2869,152175.44166666668
2870,157980
2871,118946.03738317757
2872,94425.41414141415
2873,118946.03738317757
2874,152175.44166666668
2875,118946.03738317757
2876,118946.03738317757
2877,152175.44166666668
2878,152175.44166666668
2879,118946.03738317757
2880,118946.03738317757
2881,152175.44166666668
2882,152175.44166666668
2883,152175.44166666668
2884,152175.44166666668
2885,188748.97959183675
2886,216849.93617021278
2887,94425.41414141415
2888,118946.03738317757
2889,94425.41414141415
2890,94425.41414141415
2891,152175.44166666668
2892,94425.41414141415
2893,157980
2894,94425.41414141415
2895,226079.39393939395
2896,226079.39393939395
2897,178420.26923076922
2898,178420.26923076922
2899,226079.39393939395
2900,142162.46721311475
2901,152175.44166666668
2902,182470.73636363636
2903,308296.9166666667
2904,308296.9166666667
2905,152175.44166666668
2906,182470.73636363636
2907,142162.46721311475
2908,124540.37373737374
2909,152175.44166666668
2910,124540.37373737374
2911,124540.37373737374
2912,157980
2913,124540.37373737374
2914,124540.37373737374
2915,124540.37373737374
2916,124540.37373737374
2917,142162.46721311475
2918,143732.5
2919,229323.9655172414
